ground_truth_component,predicted_component,ground_truth_value,predicted_value,embedding_similarity,cosine,euclidean,manhattan,dot_product,chebyshev,minkowski,canberra,braycurtis,jaccard,hamming,wasserstein,jensenshannon
Bit,Motor,1,1,0.2956049719488928,0.2956049719488928,0.45726314015775477,0.026386182278170786,0.2956049719488928,0.9056923691862302,0.45726314015775477,0.0009904811359066346,0.5693188394949041,1.0,0.5,0.0009319810719811506,inf
Bit,Gearbox,1,1,0.24033421337457583,0.24033421337457583,0.4479059271541708,0.02530025138932078,0.2403342133745759,0.8976593320620669,0.4479059271541708,0.0009540953705930834,0.5531769594634944,1.0,0.5,0.0008995489859321036,inf
Bit,Chuck,1,1,0.3205210416702007,0.3205210416702007,0.46173520001612034,0.02699764458223709,0.3205210416702007,0.9048071975711981,0.46173520001612034,0.0009903817295542486,0.5763240759663413,1.0,0.5,0.0012287509625771675,inf
Bit,Clutch,1,1,0.2932349802987564,0.2932349802987564,0.4568463638004791,0.026398489585920486,0.29323498029875644,0.8902724421735311,0.4568463638004791,0.0009827033327112014,0.5696122341547261,1.0,0.5,0.0015581886035448032,inf
Bit,Trigger Switch,1,1,0.26265857860873276,0.26265857860873276,0.45159670351633424,0.025861167120458786,0.2626585786087327,0.9061552960289397,0.45159670351633424,0.0009646141461988983,0.5592601431878839,1.0,0.5,0.0009125127640377709,inf
Bit,Battery,1,1,0.42537112465897153,0.42537112465897153,0.48261747340404093,0.0290631190737106,0.4253711246589716,0.917898714823276,0.48261747340404093,0.0010394011881068722,0.6057223197654777,1.0,0.5,0.000923372945344169,inf
Bit,Housing,1,1,0.20275039035626763,0.20275039035626763,0.4419430837277485,0.025282741445666113,0.20275039035626766,0.8845200278936287,0.4419430837277485,0.0009705775033150208,0.5516113282232963,1.0,0.5,0.0012638155376105682,inf
Transmission,Motor,1,1,0.4507938572464675,0.4507938572464675,0.4882689377436985,0.029856252265075163,0.4507938572464675,0.9036188876039005,0.4882689377436985,0.0010682792262980858,0.6161429859207648,1.0,0.5,0.0009194197411315958,inf
Transmission,Gearbox,1,1,0.5240294552071966,0.5240294552071966,0.5061562039318144,0.03184520698984142,0.5240294552071967,0.9170674424253394,0.5061562039318144,0.0011252946662571393,0.6382438080734584,1.0,0.5,0.001194187960037378,inf
Transmission,Chuck,1,1,0.3099397931955332,0.3099397931955332,0.4598155125661336,0.02671070269614806,0.30993979319553316,0.8555736052172824,0.4598155125661336,0.0009893774985490257,0.5734053978197773,1.0,0.5,0.0005326879391124674,inf
Transmission,Clutch,1,1,0.3954864707930281,0.3954864707930281,0.47629079698883614,0.028849125597588107,0.3954864707930281,0.8854758311623926,0.47629079698883614,0.0010601502576154083,0.6035580726626216,1.0,0.5,0.0008619138408532128,inf
Transmission,Trigger Switch,1,1,0.37312891639936274,0.37312891639936274,0.4717634804421862,0.028250360578502876,0.3731289163993628,0.8904282564868672,0.4717634804421862,0.0010343884561965777,0.5929953222769048,1.0,0.5,0.0006035149595432132,inf
Transmission,Battery,1,1,0.38619110925138656,0.38619110925138656,0.47438799383839003,0.028304884566816846,0.38619110925138667,0.9088904583292898,0.47438799383839003,0.0010320887083428774,0.5970080458576817,1.0,0.5,0.0009994165286653814,inf
Transmission,Housing,1,1,0.2449396639551391,0.2449396639551391,0.4486579028622559,0.025847842946450886,0.24493966395513916,0.8775724055913044,0.4486579028622559,0.0009802904625872578,0.5625344873177133,1.0,0.5,0.0007887121330671931,inf
Motor,Motor,1,1,1.0,1.0,1.0,1.0,1.0000000000000002,1.0,1.0,1.0,1.0,1.0,1.0,0.0,inf
Motor,Gearbox,1,1,0.47567355956621316,0.47567355956621316,0.4940619855502062,0.030794420043423955,0.4756735595662132,0.9100007157617989,0.4940619855502062,0.0011002151091001292,0.6276061408365,1.0,0.5,0.0009002879290136432,inf
Motor,Chuck,1,1,0.2631378005027113,0.2631378005027113,0.45167720314612797,0.02620470034466682,0.2631378005027113,0.8702972573392125,0.45167720314612797,0.0009946571300255382,0.5651532920746511,1.0,0.5,0.0011254350539737046,inf
Motor,Clutch,1,1,0.33969473624369306,0.33969473624369306,0.46529413068314046,0.027225121408770758,0.33969473624369306,0.9086242301323769,0.46529413068314046,0.0010256498604206713,0.5863233854350249,1.0,0.5,0.0010022394606995864,inf
Motor,Trigger Switch,1,1,0.31478395202841436,0.31478395202841436,0.4606905408647941,0.027079152621910622,0.31478395202841447,0.8879465872364204,0.4606905408647941,0.001012360675957339,0.5813435662948496,1.0,0.5,0.0008900447563759955,inf
Motor,Battery,1,1,0.538682317965391,0.538682317965391,0.510063789717564,0.0327499668258233,0.5386823179653911,0.920576415696383,0.510063789717564,0.001137484757430906,0.6469166030718893,1.0,0.5,0.0005524719786104508,inf
Motor,Housing,1,1,0.20944736264100472,0.20944736264100472,0.44298356622927043,0.025259487324022608,0.20944736264100478,0.8901465164384914,0.44298356622927043,0.0009763328739749353,0.5543779083268024,1.0,0.5,0.0011473496610564145,inf
Electrical System,Motor,1,1,0.3535389588104134,0.3535389588104134,0.467930986531308,0.027551920240171817,0.3535389588104135,0.8897216107621148,0.467930986531308,0.0010202836259937146,0.5891556481204892,1.0,0.5,0.0007815403471222256,inf
Electrical System,Gearbox,1,1,0.29447511367278123,0.29447511367278123,0.4570642637570322,0.02631966669480426,0.2944751136727812,0.895729677954937,0.4570642637570322,0.0009907592632699116,0.5727401796451261,1.0,0.5,0.0011547610725154778,inf
Electrical System,Chuck,1,1,0.15971860005537641,0.15971860005537641,0.43547080292503565,0.024591310445691312,0.1597186000553764,0.8674307765500112,0.43547080292503565,0.0009427405919136796,0.534254974204958,1.0,0.5,0.0006310172226096085,inf
Electrical System,Clutch,1,1,0.18302373767341606,0.18302373767341606,0.43893117225075895,0.024813971099919462,0.18302373767341612,0.8838124455555041,0.43893117225075895,0.0009591921182162593,0.545730188281276,1.0,0.5,0.0009711668482988616,inf
Electrical System,Trigger Switch,1,1,0.28267924901372354,0.28267924901372354,0.45500766804021003,0.026331302698341098,0.2826792490137236,0.8957781279527325,0.45500766804021003,0.0009876672684280934,0.5694982516203292,1.0,0.5,0.0005425867515082365,inf
Electrical System,Battery,1,1,0.4360503893481955,0.4360503893481955,0.48495994007046117,0.02966671270201191,0.43605038934819557,0.8997029867410447,0.48495994007046117,0.0010657491237055462,0.6132839009009922,1.0,0.5,0.0008829805791729455,inf
Electrical System,Housing,1,1,0.24968685545821268,0.24968685545821268,0.44943809659278666,0.02611126847242085,0.24968685545821265,0.8899474756004009,0.44943809659278666,0.0009912560517595186,0.564527397544604,1.0,0.5,0.0007572293784985367,inf
Battery Holder,Motor,1,1,0.3194239489123243,0.3194239489123243,0.4615347197339704,0.027029958462954088,0.31942394891232434,0.896528348448915,0.4615347197339704,0.0010113614368002061,0.5801401977741425,1.0,0.5,0.0009221879901595287,inf
Battery Holder,Gearbox,1,1,0.3195267196144508,0.3195267196144508,0.46155347986781536,0.02662132917674098,0.3195267196144509,0.9134420611960088,0.46155347986781536,0.0009944565157305315,0.5762279424914343,1.0,0.5,0.000571237018295534,inf
Battery Holder,Chuck,1,1,0.1342016949610907,0.1342016949610907,0.4317973001199892,0.023879347761441256,0.1342016949610907,0.8740160626678172,0.4317973001199892,0.0009302903443965041,0.5279857305869335,1.0,0.5,0.0011753238220829267,inf
Battery Holder,Clutch,1,1,0.25660241011008555,0.25660241011008555,0.4505839725106076,0.025685660441456974,0.25660241011008555,0.9006834880409402,0.4505839725106076,0.0009865268447300363,0.5651978773143814,1.0,0.5,0.0015305485918846178,inf
Battery Holder,Trigger Switch,1,1,0.2515243596443254,0.2515243596443254,0.4497414817289884,0.025984549040189434,0.2515243596443254,0.889315456557649,0.4497414817289884,0.000983199173305327,0.5632785121511295,1.0,0.5,0.0009485359632962858,inf
Battery Holder,Battery,1,1,0.6478353245273976,0.6478353245273976,0.5437018465160378,0.037032068801605526,0.6478353245273978,0.9204495612927825,0.5437018465160378,0.0012202562914978576,0.6840615027870692,1.0,0.5,0.0007939972201415426,inf
Battery Holder,Housing,1,1,0.20698714339186863,0.20698714339186863,0.44260024428900807,0.025167126255193108,0.20698714339186863,0.8878968661291192,0.44260024428900807,0.0009749713526329664,0.5518673795855289,1.0,0.5,0.001167429503846407,inf
Housing,Motor,1,1,0.20944736264100472,0.20944736264100472,0.44298356622927043,0.025259487324022608,0.20944736264100478,0.8901465164384914,0.44298356622927043,0.0009763328739749353,0.5543779083268024,1.0,0.5,0.0011473496610564145,inf
Housing,Gearbox,1,1,0.24730296823663567,0.24730296823663567,0.4490456581451114,0.025827767905590666,0.24730296823663567,0.8961603429589307,0.4490456581451114,0.0009875331972610925,0.5634419041805411,1.0,0.5,0.0013450627579185692,inf
Housing,Chuck,1,1,0.16861046583305694,0.16861046583305694,0.4367788912866943,0.02472439575618698,0.16861046583305703,0.8678346531686847,0.4367788912866943,0.0009553416280584262,0.5389423344956437,1.0,0.5,0.0008397652478733259,inf
Housing,Clutch,1,1,0.2226731196856332,0.2226731196856332,0.44506603532331557,0.025124347173510034,0.22267311968563316,0.8690502589686702,0.44506603532331557,0.0009703369925532468,0.5554278776949083,1.0,0.5,0.0009126335884817034,inf
Housing,Trigger Switch,1,1,0.12853119269148428,0.12853119269148428,0.43099665699869194,0.023996817875875275,0.12853119269148428,0.8480323547195272,0.43099665699869194,0.0009381418612937611,0.5290892108011054,1.0,0.5,0.0008559256921943553,inf
Housing,Battery,1,1,0.22216486001162972,0.22216486001162972,0.4449853192874516,0.025193448626348206,0.22216486001162972,0.9008474122824079,0.4449853192874516,0.0009623618507620407,0.5541546234438249,1.0,0.5,0.0011674945097066573,inf
Housing,Housing,1,1,1.0,1.0,1.0,1.0,1.0,1.0,1.0,1.0,1.0,1.0,1.0,0.0,inf
External Environment,Motor,1,1,0.2013172819462472,0.2013172819462472,0.44172162840253865,0.024933624986438432,0.20131728194624715,0.8620557515702613,0.44172162840253865,0.0009619900203453127,0.5473726880388607,1.0,0.5,0.0011696331686380872,inf
External Environment,Gearbox,1,1,0.18911808467876723,0.18911808467876723,0.4398533655795062,0.02453293407043198,0.18911808467876726,0.899212533886941,0.4398533655795062,0.0009467320683665279,0.5435103288220798,1.0,0.5,0.0008304211366398917,inf
External Environment,Chuck,1,1,0.14670859065014663,0.14670859065014663,0.43358319468634354,0.024097896739904454,0.14670859065014666,0.8814485919620254,0.43358319468634354,0.0009400907146960007,0.5308465406989553,1.0,0.5,0.001207518879983457,inf
External Environment,Clutch,1,1,0.18451095992529587,0.18451095992529587,0.4391555377362611,0.024654339016855206,0.18451095992529584,0.8890850682507717,0.4391555377362611,0.0009624691338988817,0.5458238338435344,1.0,0.5,0.001089804669547334,inf
External Environment,Trigger Switch,1,1,0.17325635530835515,0.17325635530835515,0.43746829407622057,0.024838862740766604,0.17325635530835515,0.8879955149049795,0.43746829407622057,0.0009603611063579619,0.5443971958551612,1.0,0.5,0.0010399467945352292,inf
External Environment,Battery,1,1,0.26550147932656043,0.26550147932656043,0.4520750896148426,0.02565416793735398,0.26550147932656054,0.8858459516226499,0.4520750896148426,0.0009736540813526966,0.5624291424004245,1.0,0.5,0.0013071062668611085,inf
External Environment,Housing,1,1,0.25441057705144765,0.25441057705144765,0.4502195872570897,0.025638319705843335,0.25441057705144765,0.8840143845182605,0.4502195872570897,0.0009706126538637589,0.5600641828806455,1.0,0.5,0.0013144875095105013,inf
